[
  {
    "question_id": 16,
    "intent_id": "smoke",
    "slots": [
      {
        "name": "var_smoke",
        "values": [
          {
            "value": "yes_smoke",
            "option_id": 28
          },
          {
            "value": "no_smoke",
            "option_id": 29
          }
        ]
      }
    ]
  },
  {
    "question_id": 15,
    "intent_id": "sex",
    "slots": [
      {
        "name": "var_sex",
        "values": [
          {
            "value": "male",
            "option_id": 20
          },
          {
            "value": "female",
            "option_id": 21
          }
        ]
      }
    ]
  },
  {
    "question_id": 4,
    "intent_id": "stud",
    "slots": [
      {
        "name": "var_stud",
        "values": [
          {
            "value": "stud",
            "option_id": 9
          },
          {
            "value": "no_stud",
            "option_id": 13
          }
        ]
      }
    ]
  },
  {
    "question_id": 1,
    "intent_id": "choose_dom",
    "slots": [
      {
        "name": "var_dom",
        "values": [
          {
            "value": "ob",
            "option_id": 1
          },
          {
            "value": "kvar",
            "option_id": 2
          },
          {
            "value": "rod",
            "option_id": 3
          }
        ]
      }
    ]
  },
  {
    "question_id": 38,
    "intent_id": "kyr",
    "slots": [
      {
        "name": "var_kyr",
        "values": [
          {
            "value": "cigarettes",
            "option_id": 79
          },
          {
            "value": "vape",
            "option_id": 80
          },
          {
            "value": "icos",
            "option_id": 81
          }
        ]
      }
    ]
  }
]